,Model,Feature Variables,Explained Variance Score,MAE,MSE,R2-score
LARS_Year_Price,LARS,"Year, Price",0.21080228305646054,532.916798271969,604146.130784318,0.21079707484551513
LARS_Year_Price_X_Y,LARS,"Year, Price, X, Y",0.2169083116364272,531.933287025478,599471.668517793,0.2169033777849655
