,Model,max_depth,Feature Variables,Explained Variance Score,MAE,MSE,R2_score
RandomForest: max_depth=5.00,RandomForest,5,"['Mean_price_paid', 'Year', 'X', 'Y']",0.39707548471587983,470.1872752935499,461547.37848189025,0.3970754381520124
RandomForest: max_depth=10.00,RandomForest,10,"['Mean_price_paid', 'Year', 'X', 'Y']",0.5913159630115946,392.42438884110203,312859.3500069119,0.591308291808736
RandomForest: max_depth=15.00,RandomForest,15,"['Mean_price_paid', 'Year', 'X', 'Y']",0.7085600701115647,331.8624478146648,223137.01824652526,0.7085135887872205
RandomForest: max_depth=20.00,RandomForest,20,"['Mean_price_paid', 'Year', 'X', 'Y']",0.7535926793416009,303.5159946219723,188673.00779543526,0.7535343155197486
RandomForest: max_depth=25.00,RandomForest,25,"['Mean_price_paid', 'Year', 'X', 'Y']",0.7627038288860086,296.37226665711137,181688.9362866416,0.7626576871402412
RandomForest: max_depth=30.00,RandomForest,30,"['Mean_price_paid', 'Year', 'X', 'Y']",0.7640159470119826,295.2177947601709,180681.70804117364,0.7639734407917452
RandomForest: max_depth=35.00,RandomForest,35,"['Mean_price_paid', 'Year', 'X', 'Y']",0.7640979453685943,295.0924412462672,180619.40480511932,0.7640548282138195
RandomForest: max_depth=40.00,RandomForest,40,"['Mean_price_paid', 'Year', 'X', 'Y']",0.7638665585323007,295.1547111097437,180798.60736186645,0.7638207338866798
