,Model,max_depth,Feature Variables,Explained Variance Score,MAE,MSE,R2_score
RandomForest: max_depth=5.00,RandomForest,5,"['Mean_price_paid', 'Year']",0.2832253343258412,505.97569351997305,548701.2715566658,0.2832253216844629
RandomForest: max_depth=10.00,RandomForest,10,"['Mean_price_paid', 'Year']",0.2874193771024849,502.9005249938386,545491.3688232417,0.28741845393773235
RandomForest: max_depth=15.00,RandomForest,15,"['Mean_price_paid', 'Year']",0.2726564289025305,508.0406969873829,556795.8680648161,0.2726512586942983
RandomForest: max_depth=20.00,RandomForest,20,"['Mean_price_paid', 'Year']",0.23105997979943216,524.2778304312574,588641.0716483614,0.23105150899856397
RandomForest: max_depth=25.00,RandomForest,25,"['Mean_price_paid', 'Year']",0.1649926240614138,550.1150734019822,639213.4001856681,0.16498830412178767
RandomForest: max_depth=30.00,RandomForest,30,"['Mean_price_paid', 'Year']",0.09650931100193993,574.9881410180881,691636.0807709423,0.09650796343231371
