,Model,max_depth,Feature Variables,Explained Variance Score,MAE,MSE,R2_score
RandomForest: max_depth=5.00,RandomForest,5,"['Mean_price_paid', 'Year', 'X', 'Y']",0.5328592060473942,437.6634092143922,353052.89373412356,0.5318285641890095
RandomForest: max_depth=10.00,RandomForest,10,"['Mean_price_paid', 'Year', 'X', 'Y']",0.7608834789988146,298.24865996346267,180637.84159681716,0.7604623013630711
RandomForest: max_depth=15.00,RandomForest,15,"['Mean_price_paid', 'Year', 'X', 'Y']",0.8196188521535808,246.06420591858014,136305.98342869422,0.8192492708486389
RandomForest: max_depth=20.00,RandomForest,20,"['Mean_price_paid', 'Year', 'X', 'Y']",0.8256007383881844,239.7825571022763,131779.8651391471,0.8252512023888557
RandomForest: max_depth=25.00,RandomForest,25,"['Mean_price_paid', 'Year', 'X', 'Y']",0.8265617815995088,238.63581184270734,131069.35943462394,0.8261933798408525
RandomForest: max_depth=30.00,RandomForest,30,"['Mean_price_paid', 'Year', 'X', 'Y']",0.8270117979226969,238.6619236721383,130720.88779881498,0.8266554762263276
RandomForest: max_depth=35.00,RandomForest,35,"['Mean_price_paid', 'Year', 'X', 'Y']",0.8268461818926092,238.71532130355106,130846.38851389855,0.8264890539960648
RandomForest: max_depth=40.00,RandomForest,40,"['Mean_price_paid', 'Year', 'X', 'Y']",0.8268461818926092,238.71532130355106,130846.38851389855,0.8264890539960648
